freq,plv,mean_angle_rad,resultant_length,corr
0.0,0.13021065294742584,3.1415915489196777,0.13021065294742584,-0.1538391473433167
46.875,0.22368916869163513,2.108781337738037,0.22368916869163513,0.9953857243048422
93.75,0.23329198360443115,2.806098699569702,0.23329198360443115,-0.708506262550756
140.625,0.41870060563087463,2.9609878063201904,0.41870060563087463,0.9998970408842578
187.5,0.44968560338020325,2.8811097145080566,0.44968560338020325,0.9805396497240878
234.375,0.49751225113868713,2.9673967361450195,0.49751225113868713,0.998847390782346
281.25,0.6003243923187256,2.8975629806518555,0.6003243923187256,-0.9083037266289
328.125,0.7356622815132141,2.5980794429779053,0.7356622815132141,0.999909065584404
375.0,0.7449436187744141,2.095900535583496,0.7449436187744141,0.9953047331338059
421.875,0.5793298482894897,1.5654670000076294,0.5793298482894897,0.9998416922317301
468.75,0.573981761932373,0.9159612059593201,0.573981761932373,0.998657043073271
515.625,0.6868857145309448,0.43253564834594727,0.6868857145309448,0.9997489295710843
562.5,0.6669260263442993,-0.07061035186052322,0.6669260263442993,0.9948752767688781
609.375,0.7434728145599365,-0.7010089755058289,0.7434728145599365,0.9999021150523946
656.25,0.7436136603355408,-1.1813948154449463,0.7436136603355408,0.997788015453993
703.125,0.717729389667511,-1.7487305402755737,0.717729389667511,0.9998739920432561
750.0,0.7430484294891357,-2.0906267166137695,0.7430484294891357,0.9873613872686839
796.875,0.7689935564994812,-2.6775155067443848,0.7689935564994812,0.999900449301073
843.75,0.8353749513626099,2.978199005126953,0.8353749513626099,-0.8484566709032042
890.625,0.8760439157485962,2.4914255142211914,0.8760439157485962,0.9999361397661349
937.5,0.8389630317687988,2.134305238723755,0.8389630317687988,0.9930949844354308
984.375,0.7425017356872559,1.4255273342132568,0.7425017356872559,0.9998060324360291
1031.25,0.8403202891349792,1.0459333658218384,0.8403202891349792,-0.5888986329439041
1078.125,0.5483288764953613,0.7260615229606628,0.5483288764953613,0.9998428382644601
1125.0,0.6148422360420227,-0.6826150417327881,0.6148422360420227,-0.8344276636420711
1171.875,0.7879219651222229,-1.0694884061813354,0.7879219651222229,0.9998772643510726
1218.75,0.7424885034561157,-1.5331958532333374,0.7424885034561157,0.8315372846459211
1265.625,0.7500423789024353,-2.000539779663086,0.7500423789024353,0.9997945656764946
1312.5,0.7791029810905457,-2.500824451446533,0.7791029810905457,0.7918804598427227
1359.375,0.753399670124054,-3.104055166244507,0.753399670124054,0.9998536660924164
1406.25,0.8116700649261475,2.6708498001098633,0.8116700649261475,0.8612709250366756
1453.125,0.8411333560943604,2.353437900543213,0.8411333560943604,0.9998570998773004
1500.0,0.6996186971664429,1.7833331823349,0.6996186971664429,-0.4092248233419024
1546.875,0.789696991443634,0.9677149653434753,0.789696991443634,0.9999233462994146
1593.75,0.7429146766662598,0.5567946434020996,0.7429146766662598,0.9073640699540009
1640.625,0.7231721878051758,-0.15194836258888245,0.7231721878051758,0.99976815413742
1687.5,0.8567736148834229,-0.54938143491745,0.8567736148834229,0.9678446986496274
1734.375,0.8916352391242981,-0.7897033095359802,0.8916352391242981,0.9997274274102491
1781.25,0.8187837600708008,-1.1809135675430298,0.8187837600708008,-0.9230632435330515
1828.125,0.8158258199691772,-1.6744617223739624,0.8158258199691772,0.9998879031743796
1875.0,0.8189666271209717,-2.1326019763946533,0.8189666271209717,0.9967965875847296
1921.875,0.7314592599868774,-2.7574622631073,0.7314592599868774,0.9998028354926584
1968.75,0.7787944674491882,2.8057658672332764,0.7787944674491882,0.30779742148575023
2015.625,0.8703312873840332,2.4145143032073975,0.8703312873840332,0.9999420755279461
2062.5,0.8701680898666382,2.0971617698669434,0.8701680898666382,0.59573813597952
2109.375,0.8545491099357605,1.6685631275177002,0.8545491099357605,0.9999509770636144
2156.25,0.8076871633529663,1.2426692247390747,0.8076871633529663,-0.47621814703849263
2203.125,0.6466979384422302,0.4273439645767212,0.6466979384422302,0.9997606885930277
2250.0,0.8125596642494202,-0.1278630942106247,0.8125596642494202,0.9962533812085385
2296.875,0.8269000053405762,-0.1921515166759491,0.8269000053405762,0.9998471908883243
2343.75,0.6005898118019104,-0.7226991057395935,0.6005898118019104,0.9187106168199959
2390.625,0.6629824638366699,-1.858062744140625,0.6629824638366699,0.9997199944464852
2437.5,0.7390726208686829,-2.5530846118927,0.7390726208686829,-0.7206834637449329
2484.375,0.7721690535545349,3.011341094970703,0.7721690535545349,0.9998417051603369
2531.25,0.8835595846176147,2.5677342414855957,0.8835595846176147,0.9895729942148346
2578.125,0.9017727971076965,2.2854578495025635,0.9017727971076965,0.9999672703511805
2625.0,0.8699089288711548,1.9257522821426392,0.8699089288711548,0.13071132888900525
2671.875,0.7927308678627014,1.4037734270095825,0.7927308678627014,0.9999444746957211
2718.75,0.8295897245407104,0.8873282074928284,0.8295897245407104,0.7999902864819913
2765.625,0.8675166368484497,0.7076948285102844,0.8675166368484497,0.9999578896943595
2812.5,0.8028736710548401,0.32491686940193176,0.8028736710548401,0.6668191045678461
2859.375,0.8010221123695374,-0.2548862397670746,0.8010221123695374,0.9998974222154144
2906.25,0.7421571016311646,-0.7693617343902588,0.7421571016311646,0.8404389682976834
2953.125,0.7174016833305359,-1.4829957485198975,0.7174016833305359,0.9999523073861017
3000.0,0.797326385974884,-2.0993804931640625,0.797326385974884,0.9704145977862477
3046.875,0.7788231372833252,-2.6206908226013184,0.7788231372833252,0.9999527186392658
3093.75,0.7830896973609924,3.0704996585845947,0.7830896973609924,0.19392880048519287
3140.625,0.826840341091156,2.621889352798462,0.826840341091156,0.99995977545723
3187.5,0.7754625082015991,2.0927624702453613,0.7754625082015991,0.7398174452884154
3234.375,0.8136991262435913,1.4981931447982788,0.8136991262435913,0.9999451880562396
3281.25,0.8332453966140747,1.0209741592407227,0.8332453966140747,-0.93843620905223
3328.125,0.8543509840965271,0.5742903351783752,0.8543509840965271,0.9999069663860881
3375.0,0.8096810579299927,0.19478890299797058,0.8096810579299927,-0.7820129349875918
3421.875,0.7170977592468262,-0.2464645355939865,0.7170977592468262,0.9996389539069968
3468.75,0.5724747180938721,-1.0281144380569458,0.5724747180938721,-0.7802741222709327
3515.625,0.6449525952339172,-1.817718267440796,0.6449525952339172,0.9998916120332108
3562.5,0.691796064376831,-2.1595239639282227,0.691796064376831,0.6566961945770139
3609.375,0.6009754538536072,-2.8122427463531494,0.6009754538536072,0.9997825368475369
3656.25,0.7125912308692932,2.784632682800293,0.7125912308692932,-0.9133425515159933
3703.125,0.7669246792793274,2.364614963531494,0.7669246792793274,0.9998036817413496
3750.0,0.7918335795402527,1.9518020153045654,0.7918335795402527,0.9764453197442627
3796.875,0.7651185393333435,1.5409622192382812,0.7651185393333435,0.9998046928015476
3843.75,0.7822433114051819,1.0526866912841797,0.7822433114051819,0.9435014110148895
3890.625,0.7353976368904114,0.5438003540039062,0.7353976368904114,0.9996346317663243
3937.5,0.7015749216079712,-0.23238497972488403,0.7015749216079712,0.9299545483650006
3984.375,0.7038976550102234,-0.8798581957817078,0.7038976550102234,0.9999219639630321
4031.25,0.7327368855476379,-1.4058114290237427,0.7327368855476379,0.32118589340611364
4078.125,0.7618515491485596,-1.8683902025222778,0.7618515491485596,0.9999586177151368
4125.0,0.7335898280143738,-2.4580459594726562,0.7335898280143738,0.7218107942788944
4171.875,0.7136280536651611,-3.1389694213867188,0.7136280536651611,0.999967376992702
4218.75,0.790456235408783,2.4829297065734863,0.790456235408783,0.7411820770200637
4265.625,0.8137441277503967,2.0557408332824707,0.8137441277503967,0.9999381549884852
4312.5,0.8044907450675964,1.5628107786178589,0.8044907450675964,0.008479164445107774
4359.375,0.801563024520874,1.1474874019622803,0.801563024520874,0.9999628547983982
4406.25,0.7086138725280762,0.6132914423942566,0.7086138725280762,0.9817210541083293
4453.125,0.6832303404808044,-0.17934320867061615,0.6832303404808044,0.9998452634013967
4500.0,0.6905389428138733,-0.7996417284011841,0.6905389428138733,0.991174297795785
4546.875,0.7276791930198669,-1.3284839391708374,0.7276791930198669,0.9999486853574229
4593.75,0.7388094067573547,-1.7475409507751465,0.7388094067573547,0.9957146823055314
4640.625,0.6757168769836426,-2.272979259490967,0.6757168769836426,0.9999039690691667
4687.5,0.6810599565505981,-2.865187644958496,0.6810599565505981,0.8820077770929419
4734.375,0.6644546389579773,2.9453089237213135,0.6644546389579773,0.9998263244548412
4781.25,0.6725730895996094,2.3353302478790283,0.6725730895996094,-0.6746150017041467
4828.125,0.7033828496932983,1.7682483196258545,0.7033828496932983,0.9999387541511754
4875.0,0.7141441106796265,1.4027605056762695,0.7141441106796265,-0.20981434255203008
4921.875,0.6836198568344116,0.994728684425354,0.6836198568344116,0.9995388225860042
4968.75,0.5851825475692749,0.7880939245223999,0.5851825475692749,-0.6923683003075749
5015.625,0.43488553166389465,0.33627966046333313,0.43488553166389465,0.9994040632732017
5062.5,0.5290044546127319,-0.7569507360458374,0.5290044546127319,0.8485917971929955
5109.375,0.6336045861244202,-1.3789314031600952,0.6336045861244202,0.9998146159789155
5156.25,0.6290005445480347,-1.887338399887085,0.6290005445480347,0.8305094149326605
5203.125,0.6387828588485718,-2.379023313522339,0.6387828588485718,0.9999631231870308
5250.0,0.6187792420387268,-2.831476926803589,0.6187792420387268,0.9674570234581903
5296.875,0.614238977432251,2.778139114379883,0.614238977432251,0.9998459555721914
5343.75,0.7089265584945679,2.238764762878418,0.7089265584945679,-0.6780305052911135
5390.625,0.6720075607299805,1.7869688272476196,0.6720075607299805,0.9997506963131976
5437.5,0.7037602066993713,1.2422453165054321,0.7037602066993713,0.9134242400827691
5484.375,0.6938540935516357,0.9065700769424438,0.6938540935516357,0.9999183343804018
5531.25,0.6350119709968567,0.3257230222225189,0.6350119709968567,-0.21129818423085547
5578.125,0.6737586259841919,-0.27894216775894165,0.6737586259841919,0.9996859153546286
5625.0,0.6107805371284485,-0.7766143083572388,0.6107805371284485,0.9931152113330289
5671.875,0.574030876159668,-1.4349470138549805,0.574030876159668,0.9997599636964464
5718.75,0.5921132564544678,-1.656822919845581,0.5921132564544678,0.9790104037819275
5765.625,0.5580508708953857,-1.659935474395752,0.5580508708953857,0.9999453037749654
5812.5,0.44440537691116333,-1.806584358215332,0.44440537691116333,-0.27387251296790305
5859.375,0.3546840250492096,-2.4689626693725586,0.3546840250492096,0.9996389364409937
5906.25,0.4057391583919525,-2.698115587234497,0.4057391583919525,0.7392082877387758
5953.125,0.330936074256897,-2.1147005558013916,0.330936074256897,0.999719173319442
6000.0,0.2573285400867462,-1.3727459907531738,0.2573285400867462,0.6636539357121214
6046.875,0.37742429971694946,-0.8611836433410645,0.37742429971694946,0.9999393831076232
6093.75,0.4827951490879059,-0.8826664686203003,0.4827951490879059,0.9019134951042579
6140.625,0.5151172876358032,-0.9208201169967651,0.5151172876358032,0.9998942789497558
6187.5,0.5964338183403015,-0.9086980819702148,0.5964338183403015,0.9486749707171437
6234.375,0.6551619172096252,-0.76838618516922,0.6551619172096252,0.9999315094437312
6281.25,0.6981298327445984,-0.7883878350257874,0.6981298327445984,0.9126498469275257
6328.125,0.714244544506073,-0.9034314155578613,0.714244544506073,0.9999345521088918
6375.0,0.691291332244873,-0.9362212419509888,0.691291332244873,-0.9358389209128016
6421.875,0.6812940239906311,-0.9873623847961426,0.6812940239906311,0.9999392525723418
6468.75,0.6831110119819641,-1.106918454170227,0.6831110119819641,-0.5468917534725843
6515.625,0.682587206363678,-1.1057579517364502,0.682587206363678,0.9997179939831973
6562.5,0.67638099193573,-1.0720456838607788,0.67638099193573,0.6121188995140607
6609.375,0.6732183694839478,-1.0476034879684448,0.6732183694839478,0.9999528584988456
6656.25,0.6319804787635803,-1.0028482675552368,0.6319804787635803,-0.5971769862971064
6703.125,0.5175057649612427,-0.8368050456047058,0.5175057649612427,0.9999264405846848
6750.0,0.4194747805595398,-0.059063587337732315,0.4194747805595398,-0.8733303128188634
6796.875,0.5084278583526611,0.17941468954086304,0.5084278583526611,0.9998573309720912
6843.75,0.6348214149475098,-0.01619928888976574,0.6348214149475098,-0.95998858841888
6890.625,0.7343840599060059,-0.08810143917798996,0.7343840599060059,0.9998877498196984
6937.5,0.7855328917503357,-0.31436702609062195,0.7855328917503357,0.9289556249962057
6984.375,0.7761476635932922,-0.6048110723495483,0.7761476635932922,0.9998716958344539
7031.25,0.7352123856544495,-0.8724270462989807,0.7352123856544495,0.997822913521453
7078.125,0.6661569476127625,-1.1388330459594727,0.6661569476127625,0.9999688884985568
7125.0,0.5865593552589417,-1.3109800815582275,0.5865593552589417,0.9670252050840233
7171.875,0.4132346510887146,-2.0214920043945312,0.4132346510887146,0.9998662325289819
7218.75,0.40087294578552246,-3.1314797401428223,0.40087294578552246,0.38074855963432863
7265.625,0.4962717592716217,2.253552198410034,0.4962717592716217,0.9999423813482725
7312.5,0.5498251914978027,1.788783311843872,0.5498251914978027,0.9836453612690582
7359.375,0.49867719411849976,1.3574966192245483,0.49867719411849976,0.9999041282882661
7406.25,0.496815025806427,0.8555276393890381,0.496815025806427,-0.9686874174610463
7453.125,0.43951836228370667,0.40456056594848633,0.43951836228370667,0.9999096934977743
7500.0,0.39127805829048157,-0.4505159854888916,0.39127805829048157,0.5273263320974405
7546.875,0.4735760986804962,-0.9898961782455444,0.4735760986804962,0.9999634337020848
7593.75,0.47146791219711304,-1.3972840309143066,0.47146791219711304,-0.9872304499787631
7640.625,0.46022582054138184,-1.8803856372833252,0.46022582054138184,0.9999136809608782
7687.5,0.45362988114356995,-2.5331995487213135,0.45362988114356995,-0.9923083972699007
7734.375,0.45595917105674744,-3.126020669937134,0.45595917105674744,0.9998293681284643
7781.25,0.4169827997684479,2.599503755569458,0.4169827997684479,-0.9948415886024455
7828.125,0.38790804147720337,2.0855400562286377,0.38790804147720337,0.9998938108016159
7875.0,0.32990461587905884,1.7003295421600342,0.32990461587905884,-0.9976987094407326
7921.875,0.26595181226730347,1.6050347089767456,0.26595181226730347,0.9713807027509275
7968.75,0.09742657840251923,1.4324842691421509,0.09742657840251923,-0.985820912085055
8015.625,0.015821276232600212,0.5269871354103088,0.015821276232600212,-0.8143254462148493
8062.5,0.011554324999451637,-2.8176474571228027,0.011554324999451637,-0.4105592567077665
8109.375,0.017641548067331314,0.8862534761428833,0.017641548067331314,0.6987191074110096
8156.25,0.01666906848549843,-1.829946517944336,0.01666906848549843,-0.5628757054505009
8203.125,0.005776092875748873,-2.4742960929870605,0.005776092875748873,0.020111648697666497
8250.0,0.007876185700297356,0.8612019419670105,0.007876185700297356,0.34726207003204945
8296.875,0.00044986698776483536,-0.83144211769104,0.00044986698776483536,0.20647335420418544
8343.75,0.008349152281880379,-1.0835177898406982,0.008349152281880379,0.2967872326751026
8390.625,0.011576365679502487,-3.0273618698120117,0.011576365679502487,-0.6627479155372804
8437.5,0.002500179223716259,0.45105504989624023,0.002500179223716259,0.5714398332302454
8484.375,0.0023477813228964806,-2.5027835369110107,0.0023477813228964806,0.7144307639545363
8531.25,0.005405894946306944,2.684209108352661,0.005405894946306944,0.46733787139970023
8578.125,0.005279379431158304,-1.3112308979034424,0.005279379431158304,0.9394730869261473
8625.0,0.011292138136923313,0.5136070251464844,0.011292138136923313,-0.7945947111355379
8671.875,0.009888696484267712,2.0277936458587646,0.009888696484267712,-0.5527099040075965
8718.75,0.004957919474691153,-1.4304776191711426,0.004957919474691153,0.6998902847248425
8765.625,0.0019974440801888704,-0.6965018510818481,0.0019974440801888704,0.9650711811354348
8812.5,0.00816819816827774,0.5448901057243347,0.00816819816827774,-0.9233337421283945
8859.375,0.009110274724662304,-2.8305397033691406,0.009110274724662304,-0.7737344319874571
8906.25,0.005025703925639391,1.056238055229187,0.005025703925639391,0.8959736873875145
8953.125,0.004455056972801685,-1.5320167541503906,0.004455056972801685,0.9767492200103486
9000.0,0.007247318513691425,-2.4581329822540283,0.007247318513691425,-0.8759758661370961
9046.875,0.0074100433848798275,2.4111416339874268,0.0074100433848798275,-0.9454327254993209
9093.75,0.003521422855556011,-1.5247769355773926,0.003521422855556011,0.9316866349415768
9140.625,0.0017683753976598382,2.5863423347473145,0.0017683753976598382,0.9725350409989241
9187.5,0.009187081828713417,-0.5339074730873108,0.009187081828713417,-0.85665060403074
9234.375,0.003300381824374199,-1.889409065246582,0.003300381824374199,-0.7739286483989142
9281.25,0.016516614705324173,0.8082879781723022,0.016516614705324173,-0.6761932927273251
9328.125,0.010294564999639988,-2.7664835453033447,0.010294564999639988,0.9740887033865144
9375.0,0.0086596654728055,-0.4641664922237396,0.0086596654728055,-0.4153118867898526
9421.875,0.004412745125591755,-0.4497848153114319,0.004412745125591755,-0.903498151607171
9468.75,0.010460815392434597,-2.177262306213379,0.010460815392434597,-0.529457720681116
9515.625,0.005342627409845591,0.09542770683765411,0.005342627409845591,0.9830014243092245
9562.5,0.006452846806496382,2.7422080039978027,0.006452846806496382,0.9592723892028682
9609.375,0.0019575664773583412,2.894623041152954,0.0019575664773583412,-0.7133184283964983
9656.25,0.0024189352989196777,1.8914161920547485,0.0024189352989196777,-0.8048473770780492
9703.125,0.0022171116434037685,-0.8929820656776428,0.0022171116434037685,0.9698097138428238
9750.0,0.005879010073840618,-2.2824888229370117,0.005879010073840618,-0.7293356894069132
9796.875,0.00408617639914155,-0.09897441416978836,0.00408617639914155,-0.9526402654014332
9843.75,0.011250410228967667,1.7782829999923706,0.011250410228967667,0.32298591054384584
9890.625,0.007608629763126373,-2.0759313106536865,0.007608629763126373,0.9512757925834854
9937.5,0.007564909756183624,-0.863943874835968,0.007564909756183624,0.9582037858157121
9984.375,0.0032435921020805836,1.843747615814209,0.0032435921020805836,-0.4213834220795606
10031.25,0.016213970258831978,-2.549201488494873,0.016213970258831978,-0.9117987186642527
10078.125,0.014415583573281765,1.0274643898010254,0.014415583573281765,0.9881849303807543
10125.0,0.004411226138472557,-1.5350686311721802,0.004411226138472557,0.8299169207135422
10171.875,0.010500714182853699,1.7740559577941895,0.010500714182853699,0.712746580377535
10218.75,0.011411590501666069,-1.5788276195526123,0.011411590501666069,0.8607361574545669
10265.625,0.019833587110042572,1.6597667932510376,0.019833587110042572,0.9913255528033784
10312.5,0.017278162762522697,-0.6613304018974304,0.017278162762522697,0.8686748442600953
10359.375,0.010182100348174572,1.5212035179138184,0.010182100348174572,-0.6047751089863015
10406.25,0.022203436121344566,-2.005892276763916,0.022203436121344566,-0.4767374406986863
10453.125,0.002798962639644742,0.13774286210536957,0.002798962639644742,0.9843250153181058
10500.0,0.0030395453795790672,1.602352261543274,0.0030395453795790672,-0.6256073619622248
10546.875,0.005191832315176725,3.1391654014587402,0.005191832315176725,-0.6907056774710794
10593.75,0.008135569281876087,1.8854031562805176,0.008135569281876087,-0.9165347147002035
10640.625,0.0009184504742734134,-2.1238949298858643,0.0009184504742734134,0.9888561283306387
10687.5,0.009290028363466263,-2.3804643154144287,0.009290028363466263,0.8555388138822427
10734.375,0.008255936205387115,1.7437171936035156,0.008255936205387115,0.8528419739915365
10781.25,0.006079465616494417,1.8376070261001587,0.006079465616494417,0.9611395002353093
10828.125,0.007333981804549694,1.48862886428833,0.007333981804549694,0.9942093680156934
10875.0,0.003048411337658763,-2.3350179195404053,0.003048411337658763,-0.018395562880578874
10921.875,0.011621502228081226,-2.156707763671875,0.011621502228081226,0.9466375909114089
10968.75,0.004252408631145954,1.2834851741790771,0.004252408631145954,0.8652310425706736
11015.625,0.00953317154198885,-0.14545416831970215,0.00953317154198885,0.9926717160484092
11062.5,0.005126008298248053,-0.8489893078804016,0.005126008298248053,0.9755485051905698
11109.375,0.005157311446964741,-0.980911135673523,0.005157311446964741,0.830518615304713
11156.25,0.009539701975882053,1.275804042816162,0.009539701975882053,-0.9158313321642246
11203.125,0.0035944306291639805,-1.5336002111434937,0.0035944306291639805,0.9931213645487607
11250.0,0.014318747445940971,1.048268437385559,0.014318747445940971,0.9057546842082238
11296.875,0.009513230994343758,-1.1418193578720093,0.009513230994343758,0.8876581683378452
11343.75,0.01209053210914135,1.4971766471862793,0.01209053210914135,-0.9638806456806619
11390.625,0.011193633079528809,-1.3974894285202026,0.011193633079528809,0.9923604031226446
11437.5,0.008209574036300182,1.2108995914459229,0.008209574036300182,-0.828509205684851
11484.375,0.00643838569521904,-1.7676690816879272,0.00643838569521904,0.9848108781661272
11531.25,0.008289789780974388,1.3485181331634521,0.008289789780974388,-0.9331343214011018
11578.125,0.00217732647433877,-2.574463367462158,0.00217732647433877,0.9972801885791921
11625.0,0.008407137356698513,-1.0015658140182495,0.008407137356698513,0.5552871845047502
11671.875,0.011958342045545578,0.2828695476055145,0.011958342045545578,0.9928726687799007
11718.75,0.013105775229632854,-2.669116735458374,0.013105775229632854,-0.863218369879776
11765.625,0.015268821269273758,1.1311242580413818,0.015268821269273758,0.9982407844167729
11812.5,0.006429736502468586,-0.8422064185142517,0.006429736502468586,-0.9020300518616557
11859.375,0.014325336553156376,2.40966534614563,0.014325336553156376,0.997426821611239
11906.25,0.008077089674770832,-1.0792043209075928,0.008077089674770832,0.22822174672913376
11953.125,0.0037717323284596205,1.1825416088104248,0.0037717323284596205,0.9958225002649269
12000.0,0.0022667290177196264,-1.6638370752334595,0.0022667290177196264,0.016178062236268286
12046.875,0.0115383081138134,1.9666311740875244,0.0115383081138134,0.9744523287909029
12093.75,0.0051586320623755455,-1.755388855934143,0.0051586320623755455,0.765534434974952
12140.625,0.00908307172358036,-2.377715826034546,0.00908307172358036,0.9973684379551196
12187.5,0.020529743283987045,2.4651994705200195,0.020529743283987045,0.5427018697478566
12234.375,0.009137258864939213,-2.0939531326293945,0.009137258864939213,0.9936141237780977
12281.25,0.008714929223060608,2.2463788986206055,0.008714929223060608,0.6306724572781139
12328.125,0.007661535404622555,-1.2220418453216553,0.007661535404622555,0.9927495905451836
12375.0,0.014722900465130806,-2.118950843811035,0.014722900465130806,-0.2581362783440348
12421.875,0.0031996218021959066,-1.3952786922454834,0.0031996218021959066,0.9946019006967225
12468.75,0.0039152964018285275,1.5893676280975342,0.0039152964018285275,0.41250740858677365
12515.625,0.00897680502384901,-0.011394248344004154,0.00897680502384901,0.9973776355296229
12562.5,0.011474352329969406,1.8125958442687988,0.011474352329969406,-0.7006808418673542
12609.375,0.0070887403562664986,0.38320037722587585,0.0070887403562664986,0.9918998297355207
12656.25,0.015355637297034264,-0.7887415289878845,0.015355637297034264,-0.5384267389667269
12703.125,0.005221227649599314,1.4638786315917969,0.005221227649599314,0.9971623326152581
12750.0,0.007391604129225016,2.5307674407958984,0.007391604129225016,-0.7589775178001749
12796.875,0.015304682776331902,0.7924896478652954,0.015304682776331902,0.9975553839118517
12843.75,0.010050226002931595,-2.9826788902282715,0.010050226002931595,0.9261878939333753
12890.625,0.016096150502562523,0.7431415915489197,0.016096150502562523,0.9961295197448212
12937.5,0.010483155027031898,1.0518929958343506,0.010483155027031898,0.8339106418580529
12984.375,0.013527409173548222,3.004531145095825,0.013527409173548222,0.9933519135152894
13031.25,0.007067854516208172,0.883300244808197,0.007067854516208172,0.32559933446682066
13078.125,0.005589838605374098,-0.6646499633789062,0.005589838605374098,0.9968239736661187
13125.0,0.005424581468105316,3.0862996578216553,0.005424581468105316,-0.48547093022567495
13171.875,0.01026426162570715,-0.6945960521697998,0.01026426162570715,0.9958131409053472
13218.75,0.010492246598005295,2.135279893875122,0.010492246598005295,-0.4527395015787987
13265.625,0.010965910740196705,0.036764148622751236,0.010965910740196705,0.9987984414559355
13312.5,0.009932554326951504,-2.8893167972564697,0.009932554326951504,-0.23151848214853396
13359.375,0.012264957651495934,0.20878726243972778,0.012264957651495934,0.9987018964921672
13406.25,0.00305430730804801,-3.0088751316070557,0.00305430730804801,-0.49673944955077187
13453.125,0.01117868721485138,-1.4996955394744873,0.01117868721485138,0.9956985478017077
13500.0,0.016709577292203903,2.256188154220581,0.016709577292203903,-0.7251359165205941
13546.875,0.005028221756219864,-0.6039114594459534,0.005028221756219864,0.9940932996296916
13593.75,0.006414380855858326,-1.6415139436721802,0.006414380855858326,0.5291144264223001
13640.625,0.006931192707270384,2.441788673400879,0.006931192707270384,0.9977816950365571
13687.5,0.0035261765588074923,-2.2569596767425537,0.0035261765588074923,-0.743321439189253
13734.375,0.01326786819845438,2.3983190059661865,0.01326786819845438,0.9965348321781096
13781.25,0.013623388484120369,-1.4526089429855347,0.013623388484120369,0.8922505759014291
13828.125,0.009586661122739315,0.14133821427822113,0.009586661122739315,0.9970380692757732
13875.0,0.010798847302794456,0.6764459013938904,0.010798847302794456,0.9107600239095279
13921.875,0.01184508390724659,-1.5329641103744507,0.01184508390724659,0.9968884449569988
13968.75,0.019309919327497482,-0.6735582947731018,0.019309919327497482,0.7784302760096792
14015.625,0.0037233878392726183,2.793912410736084,0.0037233878392726183,0.9983029998885782
14062.5,0.012321347370743752,-2.8191003799438477,0.012321347370743752,0.8093045989507167
14109.375,0.00818481482565403,-0.9463093876838684,0.00818481482565403,0.9945363294756512
14156.25,0.014532568864524364,2.8596692085266113,0.014532568864524364,-0.12885132481434072
14203.125,0.010661179199814796,-1.4230769872665405,0.010661179199814796,0.9979523248058727
14250.0,0.0032183658331632614,2.6079659461975098,0.0032183658331632614,0.1712667614192869
14296.875,0.01272217184305191,-2.1414527893066406,0.01272217184305191,0.9965875579767006
14343.75,0.01607011817395687,-0.5751148462295532,0.01607011817395687,-0.7227137847062312
14390.625,0.0046050832606852055,-3.0384247303009033,0.0046050832606852055,0.9959329727411974
14437.5,0.006082526873797178,0.566961944103241,0.006082526873797178,0.38236954737469314
14484.375,0.009336222894489765,1.6014868021011353,0.009336222894489765,0.9988503239346956
14531.25,0.014796816743910313,2.83551287651062,0.014796816743910313,-0.6366929848378605
14578.125,0.007241139188408852,1.487342119216919,0.007241139188408852,0.9996843190185956
14625.0,0.011302143335342407,3.0907769203186035,0.011302143335342407,-0.7436594938119131
14671.875,0.015038585290312767,1.6946043968200684,0.015038585290312767,0.9995688187848324
14718.75,0.015620236285030842,-2.1090993881225586,0.015620236285030842,-0.7740896576157945
14765.625,0.0022776967380195856,2.197589874267578,0.0022776967380195856,0.9991738717252763
14812.5,0.017291564494371414,-2.776447057723999,0.017291564494371414,-0.6959979423888742
14859.375,0.007227645721286535,0.9344766139984131,0.007227645721286535,0.9982479784225804
14906.25,0.004245699383318424,-2.3714680671691895,0.004245699383318424,-0.503407833499812
14953.125,0.010848406702280045,-0.5401846170425415,0.010848406702280045,0.9972762308042802
15000.0,0.008129246532917023,1.4721430540084839,0.008129246532917023,-0.22530983034616645
15046.875,0.016782429069280624,-1.8453532457351685,0.016782429069280624,0.9983009334684575
15093.75,0.01078813150525093,1.6030606031417847,0.01078813150525093,0.26727649614420845
15140.625,0.01617586426436901,2.477109909057617,0.01617586426436901,0.9988458916417992
15187.5,0.013161186128854752,-1.3813438415527344,0.013161186128854752,0.33098687848419306
15234.375,0.008577517233788967,1.1234736442565918,0.008577517233788967,0.9991085004941075
15281.25,0.014237784780561924,0.28962019085884094,0.014237784780561924,0.9220857731453936
15328.125,0.0011196897830814123,-2.2578961849212646,0.0011196897830814123,0.9992555289000736
15375.0,0.0071966578252613544,2.3274824619293213,0.0071966578252613544,-0.3578325071695279
15421.875,0.008673310279846191,-2.5665547847747803,0.008673310279846191,0.9996649604179838
15468.75,0.003368244506418705,-1.2089229822158813,0.003368244506418705,-0.15887538671106796
15515.625,0.0159286055713892,-2.75195574760437,0.0159286055713892,0.9988168681764947
15562.5,0.008140196092426777,1.8400108814239502,0.008140196092426777,0.9274241806486422
15609.375,0.015302455984055996,2.909071922302246,0.015302455984055996,0.9995495216133272
15656.25,0.012441338039934635,2.3592281341552734,0.012441338039934635,0.9650368551722954
15703.125,0.006266093347221613,1.3394120931625366,0.006266093347221613,0.999811291510935
15750.0,0.008378302678465843,2.0625953674316406,0.008378302678465843,-0.9749567965321639
15796.875,0.002981130499392748,-0.15331661701202393,0.002981130499392748,0.9982582817611348
15843.75,0.008409612812101841,-0.17637649178504944,0.008409612812101841,-0.8489842397394854
15890.625,0.01047121174633503,0.5301787257194519,0.01047121174633503,0.9990826223961895
15937.5,0.00498137716203928,2.853363275527954,0.00498137716203928,-0.9835421592149729
15984.375,0.008860930800437927,0.9813191294670105,0.008860930800437927,0.9993600206598089
16031.25,0.011446850374341011,-1.810614824295044,0.011446850374341011,0.9568820314106417
16078.125,0.007043417077511549,-1.4662410020828247,0.007043417077511549,0.998555658533475
16125.0,0.005165767390280962,-0.030559873208403587,0.005165767390280962,-0.7745655486176525
16171.875,0.004526709672063589,0.9281582832336426,0.004526709672063589,0.9992781446826237
16218.75,0.003628805745393038,1.4745233058929443,0.003628805745393038,0.794935501199729
16265.625,0.0024952483363449574,-1.8064391613006592,0.0024952483363449574,0.9991054221183142
16312.5,0.009054572321474552,-1.6004878282546997,0.009054572321474552,0.027076661351218587
16359.375,0.009098385460674763,-1.8483915328979492,0.009098385460674763,0.9996159315733582
16406.25,0.005577099043875933,2.9233713150024414,0.005577099043875933,-0.9488719495679281
16453.125,0.004154894035309553,0.7618677020072937,0.004154894035309553,0.9993241238007213
16500.0,0.007472964935004711,2.2533934116363525,0.007472964935004711,0.5898608067263632
16546.875,0.016193175688385963,1.929973840713501,0.016193175688385963,0.9994956408517908
16593.75,0.01217604335397482,-0.027974117547273636,0.01217604335397482,0.93976363256901
16640.625,0.013459445908665657,-0.9299665093421936,0.013459445908665657,0.9989691518468954
16687.5,0.011311335489153862,-2.8714098930358887,0.011311335489153862,-0.27274240537817307
16734.375,0.01671200431883335,-2.829421281814575,0.01671200431883335,0.9993592052101938
16781.25,0.00424028979614377,-2.113112449645996,0.00424028979614377,0.9930740746791485
16828.125,0.007908180356025696,1.683447241783142,0.007908180356025696,0.9997170573084242
16875.0,0.005760851316154003,1.4462395906448364,0.005760851316154003,-0.9912584194274934
16921.875,0.022413643077015877,2.2255358695983887,0.022413643077015877,0.999106917918479
16968.75,0.013571416959166527,-0.6865331530570984,0.013571416959166527,0.6004535032171648
17015.625,0.005793527700006962,-1.4901312589645386,0.005793527700006962,0.9994538100489275
17062.5,0.005273646209388971,-1.5266996622085571,0.005273646209388971,-0.42326458854102184
17109.375,0.007863098755478859,-1.469783902168274,0.007863098755478859,0.9994493413646159
17156.25,0.004672247916460037,1.9143739938735962,0.004672247916460037,-0.46505098954797447
17203.125,0.018505416810512543,3.1123905181884766,0.018505416810512543,0.9994220877275679
17250.0,0.013046552427113056,0.06745199114084244,0.013046552427113056,-0.8754130607808671
17296.875,0.01086118258535862,0.42144158482551575,0.01086118258535862,0.9997142568141931
17343.75,0.004601232707500458,1.4796791076660156,0.004601232707500458,-0.894434528015377
17390.625,0.005698531866073608,1.777342677116394,0.005698531866073608,0.9996136811532191
17437.5,0.011483501642942429,0.16153131425380707,0.011483501642942429,-0.04509033013433551
17484.375,0.006603158079087734,-1.0991785526275635,0.006603158079087734,0.9992322786122476
17531.25,0.012845790013670921,-2.646463632583618,0.012845790013670921,-0.9162182381729272
17578.125,0.019768573343753815,-2.430018663406372,0.019768573343753815,0.999799635267011
17625.0,0.004675687290728092,-2.0699517726898193,0.004675687290728092,-0.8801642472315817
17671.875,0.0036736405454576015,0.29013752937316895,0.0036736405454576015,0.9998359628990479
17718.75,0.008854445070028305,1.1612685918807983,0.008854445070028305,-0.8551280690819119
17765.625,0.006977332290261984,0.5229894518852234,0.006977332290261984,0.9997154772085793
17812.5,0.012057705782353878,1.9983410835266113,0.012057705782353878,0.6281291744270843
17859.375,0.010748760774731636,2.2300753593444824,0.010748760774731636,0.9994787642197176
17906.25,0.02085101418197155,-0.6417909860610962,0.02085101418197155,0.9566444598430616
17953.125,0.007489863317459822,0.6710754036903381,0.007489863317459822,0.9996156712514798
18000.0,0.006634809542447329,-1.5931134223937988,0.006634809542447329,0.16798314133267173
18046.875,0.007807631976902485,-1.1098135709762573,0.007807631976902485,0.9989095509313272
18093.75,0.02131318859755993,-0.38764747977256775,0.02131318859755993,-0.16897440250292356
18140.625,0.007592430803924799,2.6850998401641846,0.007592430803924799,0.9997202116315077
18187.5,0.00625908887013793,2.838869094848633,0.00625908887013793,0.5891139804437442
18234.375,0.0036043846048414707,3.008636713027954,0.0036043846048414707,0.9995001650522125
18281.25,0.017575085163116455,-0.46159130334854126,0.017575085163116455,0.6787746723700242
18328.125,0.013834424316883087,-2.131564140319824,0.013834424316883087,0.9997288870522588
18375.0,0.007920829579234123,-0.5863597393035889,0.007920829579234123,-0.9150427222272738
18421.875,0.006216283421963453,0.6770135760307312,0.006216283421963453,0.9993166002120281
18468.75,0.01061395276337862,-1.2477947473526,0.01061395276337862,-0.15623505817591257
18515.625,0.006849132943898439,-0.3616572916507721,0.006849132943898439,0.99980836033965
18562.5,0.006174248177558184,1.3105030059814453,0.006174248177558184,0.3090624556094268
18609.375,0.00975432526320219,-2.2004928588867188,0.00975432526320219,0.9997857926136224
18656.25,0.014095837250351906,2.867776393890381,0.014095837250351906,-0.42844911240023653
18703.125,0.005279350560158491,-1.577817440032959,0.005279350560158491,0.9997818381317753
18750.0,0.008997074328362942,-1.0844664573669434,0.008997074328362942,-0.7540939482960743
18796.875,0.007406794466078281,-2.688750743865967,0.007406794466078281,0.999668861978956
18843.75,0.005387649405747652,-1.569219946861267,0.005387649405747652,-0.9330583571852205
18890.625,0.009968115016818047,2.282942771911621,0.009968115016818047,0.9997256264694032
18937.5,0.007993084378540516,-0.6247961521148682,0.007993084378540516,-0.9750289183640167
18984.375,0.0057709431275725365,0.9994502067565918,0.0057709431275725365,0.9985732068892804
19031.25,0.0070159886963665485,1.7424988746643066,0.0070159886963665485,-0.9921052117414644
19078.125,0.023370886221528053,0.6741175055503845,0.023370886221528053,0.9998604817617436
19125.0,0.01020270586013794,-2.9073920249938965,0.01020270586013794,0.8021095764342658
19171.875,0.01409503910690546,2.952699661254883,0.01409503910690546,0.9987847926919841
19218.75,0.009775832295417786,-2.0974020957946777,0.009775832295417786,0.10359615199697718
19265.625,0.0033635387662798166,0.7961937785148621,0.0033635387662798166,0.9995242019425633
19312.5,0.005222613923251629,1.9207152128219604,0.005222613923251629,-0.7841869036083559
19359.375,0.0007125635165721178,-2.23622989654541,0.0007125635165721178,0.9990263441451657
19406.25,0.01449616253376007,-1.5305882692337036,0.01449616253376007,0.5016559095772982
19453.125,0.0036327792331576347,-0.3498750329017639,0.0036327792331576347,0.9998859661680786
19500.0,0.0045471955090761185,2.423264741897583,0.0045471955090761185,-0.8873592784849973
19546.875,0.021412556990981102,2.019547939300537,0.021412556990981102,0.9998857880524614
19593.75,0.026387248188257217,2.9480035305023193,0.026387248188257217,0.9009658420900621
19640.625,0.006327216979116201,1.846134066581726,0.006327216979116201,0.9998052647436266
19687.5,0.007778649218380451,1.6419044733047485,0.007778649218380451,-0.38340507665377993
19734.375,0.010194568894803524,1.4114227294921875,0.010194568894803524,0.9998135522483605
19781.25,0.019197892397642136,1.3692264556884766,0.019197892397642136,0.9144258893572228
19828.125,0.014189019799232483,0.9007576107978821,0.014189019799232483,0.9997511831417706
19875.0,0.004328126087784767,-2.055938243865967,0.004328126087784767,-0.2871455633402808
19921.875,0.0018403101712465286,-0.9693225026130676,0.0018403101712465286,0.9998279728094763
19968.75,0.011657909490168095,1.8880407810211182,0.011657909490168095,0.1312966559625085
20015.625,0.0075003704987466335,-2.9197804927825928,0.0075003704987466335,0.9998553278261592
20062.5,0.005452936049550772,1.026691198348999,0.005452936049550772,-0.9132123029863981
20109.375,0.005136989522725344,1.8672757148742676,0.005136989522725344,0.9997999602215769
20156.25,0.0036343650426715612,-1.1894623041152954,0.0036343650426715612,-0.9570661952178343
20203.125,0.010684875771403313,2.5342824459075928,0.010684875771403313,0.9997741683563606
20250.0,0.02752332016825676,2.266568183898926,0.02752332016825676,0.7580586881891179
20296.875,0.009676763787865639,3.087108612060547,0.009676763787865639,0.9998935518425466
20343.75,0.012368573807179928,-1.5596920251846313,0.012368573807179928,-0.8519013321759544
20390.625,0.01000107079744339,1.6971262693405151,0.01000107079744339,0.9994847034575798
20437.5,0.013795112259685993,1.2861714363098145,0.013795112259685993,-0.11814662338207374
20484.375,0.03159002959728241,2.148946523666382,0.03159002959728241,0.9999433065349526
20531.25,0.01711961068212986,2.1225109100341797,0.01711961068212986,-0.15224577278355633
20578.125,0.0042715370655059814,2.571852922439575,0.0042715370655059814,0.9998507268554434
20625.0,0.0052434285171329975,2.001432418823242,0.0052434285171329975,-0.5029969852865684
20671.875,0.00551112275570631,-1.6151090860366821,0.00551112275570631,0.9992733879642998
20718.75,0.01638568937778473,-1.957781434059143,0.01638568937778473,-0.954596882259155
20765.625,0.014891304075717926,-0.3003995716571808,0.014891304075717926,0.9998830308414138
20812.5,0.013981863856315613,0.9686687588691711,0.013981863856315613,0.743618701228372
20859.375,0.014016620814800262,-0.1939457654953003,0.014016620814800262,0.9997148911657967
20906.25,0.013391679152846336,2.595702886581421,0.013391679152846336,0.9792749805780502
20953.125,0.011290199123322964,1.2754753828048706,0.011290199123322964,0.9995722635038261
21000.0,0.012061260640621185,2.7867698669433594,0.012061260640621185,-0.35415567808030596
21046.875,0.005664576310664415,1.044285535812378,0.005664576310664415,0.999700161236834
21093.75,0.012547210790216923,0.6960578560829163,0.012547210790216923,-0.35865297654870554
21140.625,0.01710248365998268,-0.04309001937508583,0.01710248365998268,0.9997540712778535
21187.5,0.0053978958167135715,1.0953013896942139,0.0053978958167135715,-0.708570317805702
21234.375,0.0167384035885334,-2.9262585639953613,0.0167384035885334,0.9998599089369001
21281.25,0.013049047440290451,-2.8931798934936523,0.013049047440290451,0.6133071838185296
21328.125,0.010413089767098427,-2.6042346954345703,0.010413089767098427,0.9999014406197723
21375.0,0.00962650217115879,1.748091459274292,0.00962650217115879,-0.41573691858734263
21421.875,0.014797816053032875,-1.143612265586853,0.014797816053032875,0.9999081963235712
21468.75,0.02243853360414505,-2.225112199783325,0.02243853360414505,0.4137032212752074
21515.625,0.016703180968761444,3.0677478313446045,0.016703180968761444,0.9999070101295037
21562.5,0.00801541656255722,-2.885678291320801,0.00801541656255722,0.033937704636441184
21609.375,0.0072339787147939205,1.7546452283859253,0.0072339787147939205,0.9998589350438907
21656.25,0.008739089593291283,1.4302033185958862,0.008739089593291283,0.956328209919291
21703.125,0.008304315619170666,2.7333076000213623,0.008304315619170666,0.9999332794113854
21750.0,0.014461302198469639,-1.8817452192306519,0.014461302198469639,0.28727792657488804
21796.875,0.00995816383510828,2.9590232372283936,0.00995816383510828,0.9999316332545706
21843.75,0.008486044593155384,1.9961638450622559,0.008486044593155384,-0.9590003899758388
21890.625,0.005238683428615332,-2.4005370140075684,0.005238683428615332,0.9997811772162584
21937.5,0.010019784793257713,2.2320985794067383,0.010019784793257713,-0.20690455211019365
21984.375,0.0077729965560138226,2.682234048843384,0.0077729965560138226,0.9997288223954761
22031.25,0.01004069484770298,-2.0744848251342773,0.01004069484770298,-0.8418005030619083
22078.125,0.005649283062666655,0.5695896744728088,0.005649283062666655,0.9999147639403365
22125.0,0.01507378276437521,0.7817739248275757,0.01507378276437521,-0.9696747279765926
22171.875,0.005662948824465275,0.044810421764850616,0.005662948824465275,0.9998720317841002
22218.75,0.017482781782746315,-0.0073477644473314285,0.017482781782746315,0.9564612223031391
22265.625,0.014128557406365871,-0.8544880747795105,0.014128557406365871,0.9999329445981288
22312.5,0.008772517554461956,3.1221389770507812,0.008772517554461956,0.013350969959093706
22359.375,0.01649934984743595,2.2195732593536377,0.01649934984743595,0.9999293112296498
22406.25,0.013329424895346165,1.3327215909957886,0.013329424895346165,0.9536708738531039
22453.125,0.008657331578433514,-0.9541593194007874,0.008657331578433514,0.9996862749249084
22500.0,0.02682165615260601,2.962185859680176,0.02682165615260601,0.5301400709785342
22546.875,0.01855802722275257,-2.7382309436798096,0.01855802722275257,0.9908432805142302
22593.75,0.008135988377034664,2.93560791015625,0.008135988377034664,-0.9811786546949994
22640.625,0.00970937218517065,1.536664366722107,0.00970937218517065,0.9997314958578468
22687.5,0.011144059710204601,-2.0407159328460693,0.011144059710204601,0.81146411108294
22734.375,0.0028226030990481377,-1.3429694175720215,0.0028226030990481377,0.999777486738159
22781.25,0.010692878626286983,-0.8958741426467896,0.010692878626286983,-0.9525729688833388
22828.125,0.004546633921563625,-0.46941980719566345,0.004546633921563625,0.9999257366011431
22875.0,0.006286703981459141,-0.42629343271255493,0.006286703981459141,0.9542390868364711
22921.875,0.019547345116734505,2.524167060852051,0.019547345116734505,0.9999394721130626
22968.75,0.010171325877308846,2.4340240955352783,0.010171325877308846,-0.13542759340692934
23015.625,0.006651437841355801,-0.7776695489883423,0.006651437841355801,0.999892750233744
23062.5,0.008663728833198547,0.2131803035736084,0.008663728833198547,0.6857009393815016
23109.375,0.011352581903338432,0.9580055475234985,0.011352581903338432,0.9997555494079422
23156.25,0.01397077925503254,-0.8479359149932861,0.01397077925503254,0.1497212678825439
23203.125,0.005910862702876329,-1.0991251468658447,0.005910862702876329,0.9999107015740293
23250.0,0.005032897461205721,2.2641375064849854,0.005032897461205721,-0.5726289441020456
23296.875,0.003274960443377495,0.09674488008022308,0.003274960443377495,0.9997964152148655
23343.75,0.015604274347424507,1.1019734144210815,0.015604274347424507,0.7361483547310148
23390.625,0.009144299663603306,-0.2831958830356598,0.009144299663603306,0.9999143678346526
23437.5,0.006340933032333851,-0.6398600339889526,0.006340933032333851,-0.5156717395039112
23484.375,0.013044778257608414,-0.09486113488674164,0.013044778257608414,0.9999311286593352
23531.25,0.01090047787874937,-1.5485961437225342,0.01090047787874937,0.8488873011863589
23578.125,0.01521300245076418,2.6402244567871094,0.01521300245076418,0.9998459944605588
23625.0,0.021770533174276352,-2.453746795654297,0.021770533174276352,-0.8978283901876696
23671.875,0.0180783923715353,-3.034468173980713,0.0180783923715353,0.9998985483643421
23718.75,0.0005344533710740507,-2.7950899600982666,0.0005344533710740507,0.8007070795310843
23765.625,0.005950433202087879,2.6376538276672363,0.005950433202087879,0.9996987735003312
23812.5,0.014460299164056778,1.2602789402008057,0.014460299164056778,-0.7528455027380455
23859.375,0.012820088304579258,1.182038426399231,0.012820088304579258,0.999850239068469
23906.25,0.015542015433311462,-2.8267974853515625,0.015542015433311462,-0.06008303545439729
23953.125,0.008053584024310112,2.8270680904388428,0.008053584024310112,0.999899923640391
24000.0,0.005955026019364595,3.1415822505950928,0.005955026019364595,-0.005935848396078865
